,numWords,numOccurrences,averageWordLength,largestWordLength,numOfPunctuation,numRepeatedWords,lgNumOcc,lgWords,lg_averageWordLength,lg_largestWordLength
count,93184.0,93184.0,93184.0,93184.0,93184.0,93184.0,93184.0,93184.0,93184.0,93184.0
mean,23.5719973385989,1.6141826923076923,4.486583748282962,9.73575935782967,3.6397235576923075,2.313004378434066,0.3023124263382552,2.9389314051323474,1.487801259826285,2.2470822323231348
std,15.758270007451916,1.2698235313607136,0.7442079469320065,2.2517108328674182,2.9569142004633218,2.79065730053407,0.5216566153524969,0.6875152911920316,0.1622801664587599,0.24600008002352808
min,1.0,1.0,2.0,3.0,0.0,0.0,0.0,0.0,0.6931471805599453,1.0986122886681098
25%,12.0,1.0,3.98,8.0,2.0,0.0,0.0,2.4849066497880004,1.3812818192963463,2.0794415416798357
50%,20.0,1.0,4.4,10.0,3.0,1.0,0.0,2.995732273553991,1.4816045409242156,2.302585092994046
75%,31.0,2.0,4.92,11.0,5.0,3.0,0.6931471805599453,3.4339872044851463,1.5933085305042167,2.3978952727983707
max,104.0,8.0,8.17,22.0,18.0,15.0,2.0794415416798357,4.6443908991413725,2.1004689088719113,3.091042453358316
